{"cameraMode":{"drawMode":0,"name":"Shaded","section":"Shading Mode"},"sceneLighting":true,"audioPlay":false,"sceneViewState":{"showFog":true,"showMaterialUpdate":false,"showSkybox":true,"showFlares":true,"showImageEffects":true,"showParticleSystems":true},"in2DMode":false,"pivot":{"x":-7.682552814483643,"y":2.982605218887329,"z":-5.681918621063232},"rotation":{"x":0.17775294184684754,"y":0.10013945400714874,"z":-0.016704848036170007,"w":0.9792829155921936},"size":0.6936412453651428,"orthographic":false}