{"cameraMode":{"drawMode":0,"name":"Shaded","section":"Shading Mode"},"sceneLighting":true,"audioPlay":false,"sceneViewState":{"showFog":true,"showMaterialUpdate":false,"showSkybox":true,"showFlares":true,"showImageEffects":true,"showParticleSystems":true},"in2DMode":false,"pivot":{"x":0.6923280954360962,"y":-0.2677370011806488,"z":-25.286972045898439},"rotation":{"x":-0.010407629422843457,"y":-0.9921557307243347,"z":0.048038430511951449,"w":-0.12875667214393617},"size":12.311173439025879,"orthographic":false}