{"cameraMode":{"drawMode":0,"name":"Shaded","section":"Shading Mode"},"sceneLighting":true,"audioPlay":false,"sceneViewState":{"showFog":true,"showMaterialUpdate":false,"showSkybox":true,"showFlares":true,"showImageEffects":true,"showParticleSystems":true},"in2DMode":false,"pivot":{"x":-5.657945156097412,"y":1.6135045289993287,"z":-10.989259719848633},"rotation":{"x":0.003703705733641982,"y":0.9964067339897156,"z":-0.02318875677883625,"w":0.10069072246551514},"size":1.2707107067108155,"orthographic":false}