{"cameraMode":{"drawMode":0,"name":"Shaded","section":"Shading Mode"},"sceneLighting":true,"audioPlay":false,"sceneViewState":{"showFog":true,"showMaterialUpdate":false,"showSkybox":true,"showFlares":true,"showImageEffects":true,"showParticleSystems":true},"in2DMode":false,"pivot":{"x":-2.392808437347412,"y":3.1539947986602785,"z":-5.5854878425598148},"rotation":{"x":-0.011509507894515992,"y":0.9506043195724487,"z":0.04899213835597038,"w":0.31144025921821597},"size":3.7940404415130617,"orthographic":false}