{"cameraMode":{"drawMode":0,"name":"Shaded","section":"Shading Mode"},"sceneLighting":true,"audioPlay":false,"sceneViewState":{"showFog":true,"showMaterialUpdate":false,"showSkybox":true,"showFlares":true,"showImageEffects":true,"showParticleSystems":true},"in2DMode":false,"pivot":{"x":-4.330297946929932,"y":-0.7900039553642273,"z":0.04112565144896507},"rotation":{"x":0.18103545904159547,"y":-0.26644280552864077,"z":0.04876876622438431,"w":0.9464312791824341},"size":3.1330208778381349,"orthographic":false}