{"cameraMode":{"drawMode":0,"name":"Shaded","section":"Shading Mode"},"sceneLighting":true,"audioPlay":false,"sceneViewState":{"showFog":true,"showMaterialUpdate":false,"showSkybox":true,"showFlares":true,"showImageEffects":true,"showParticleSystems":true},"in2DMode":false,"pivot":{"x":2.6838738918304445,"y":-5.158781051635742,"z":-18.488576889038087},"rotation":{"x":0.005986794829368591,"y":0.9856485724449158,"z":-0.1684192270040512,"w":0.06522147357463837},"size":11.925186157226563,"orthographic":false}