{"cameraMode":{"drawMode":0,"name":"Shaded","section":"Shading Mode"},"sceneLighting":true,"audioPlay":false,"sceneViewState":{"showFog":true,"showMaterialUpdate":false,"showSkybox":true,"showFlares":true,"showImageEffects":true,"showParticleSystems":true},"in2DMode":false,"pivot":{"x":4.160214424133301,"y":1.0642952919006348,"z":-14.587124824523926},"rotation":{"x":-0.005019055213779211,"y":-0.9842343926429749,"z":0.030491221696138383,"w":-0.17515602707862855},"size":8.187466621398926,"orthographic":false}