{"cameraMode":{"drawMode":0,"name":"Shaded","section":"Shading Mode"},"sceneLighting":true,"audioPlay":false,"sceneViewState":{"showFog":true,"showMaterialUpdate":false,"showSkybox":true,"showFlares":true,"showImageEffects":true,"showParticleSystems":true},"in2DMode":false,"pivot":{"x":-19.81033706665039,"y":-6.777993202209473,"z":-19.885883331298829},"rotation":{"x":-0.06298193335533142,"y":0.8921378254890442,"z":-0.11533020436763764,"w":-0.436779648065567},"size":15.782918930053711,"orthographic":false}